auc_roc,auc_pr,accuracy,precision,recall,f1,base_rate,target,model
0.6859661530062782,0.3585874850953693,0.6263333333333333,0.30146491904394757,0.6452145214521452,0.41093011035207566,0.202,churn,logreg
0.6209928010344894,0.30267632440417264,0.798,0.0,0.0,0.0,0.202,churn,lgbm
0.6228525108149914,0.30059852328142356,0.7236666666666667,0.32385466034755134,0.33828382838283827,0.3309120258272801,0.202,churn,xgb
0.6304412429444013,0.5090138667079933,0.5936666666666667,0.49206349206349204,0.6225941422594142,0.5496859992611748,0.3983333333333333,outreach,logreg
0.6236437603588358,0.505033903625692,0.614,0.5220500595947557,0.36652719665271966,0.4306784660766962,0.3983333333333333,outreach,lgbm
0.5980797181237614,0.46570519639450253,0.584,0.4788507581803671,0.502092050209205,0.49019607843137253,0.3983333333333333,outreach,xgb
