target,best_model,auc_roc,auc_pr,accuracy,precision,recall,f1,base_rate,baseline_auc_roc,delta_auc_vs_baseline
churn,logreg,0.6851252167823298,0.3585270501777406,0.6246666666666667,0.2996918335901387,0.641914191419142,0.4086134453781512,0.202,0.501202,0.1839232167823298
outreach,logreg,0.6312263702639113,0.5099804238094954,0.5893333333333334,0.4880875724404379,0.6343096234309623,0.5516739446870451,0.3983333333333333,,
